{
    "_ColorR": 0.7830188870429993,
    "_ColorG": 0.4793245792388916,
    "_ColorB": 0.32872018218040469,
    "_RampLevels": 4.0,
    "_LightScalar": 1.0,
    "_HighColorR": 0.4905660152435303,
    "_HighColorG": 0.2922312915325165,
    "_HighColorB": 0.18280525505542756,
    "_HighIntensity": 1.5,
    "_LowColorR": 0.9339622855186462,
    "_LowColorG": 0.8745493292808533,
    "_LowColorB": 0.5330633521080017,
    "_LowIntensity": 1.0,
    "_OutlineColorR": 0.0,
    "_OutlineColorG": 0.0,
    "_OutlineColorB": 0.0,
    "_OutlineSize": 5.0,
    "_RimColorR": 1.0,
    "_RimColorG": 1.0,
    "_RimColorB": 1.0,
    "_RimAlpha": 0.0,
    "_RimPower": 0.0,
    "_RimDropOff": 0.0,
    "_FresnelColorR": 1.0,
    "_FresnelColorG": 1.0,
    "_FresnelColorB": 1.0,
    "_FresnelBrightness": 0.0,
    "_FresnelPower": 0.0,
    "_FresnelShadowDropoff": 0.0,
    "_GradYCap": 0.0,
    "_GradIntensity": 0.0
}