{
    "_ColorR": 0.900943398475647,
    "_ColorG": 1.0,
    "_ColorB": 0.9663466811180115,
    "_RampLevels": 4.0,
    "_LightScalar": 1.0,
    "_HighColorR": 0.5234414339065552,
    "_HighColorG": 0.9528301954269409,
    "_HighColorB": 0.2202296406030655,
    "_HighIntensity": 1.5,
    "_LowColorR": 0.3728640079498291,
    "_LowColorG": 0.5943396091461182,
    "_LowColorB": 0.569035530090332,
    "_LowIntensity": 1.0,
    "_OutlineColorR": 0.0,
    "_OutlineColorG": 0.0,
    "_OutlineColorB": 0.0,
    "_OutlineSize": 20.0,
    "_RimColorR": 1.0,
    "_RimColorG": 1.0,
    "_RimColorB": 1.0,
    "_RimAlpha": 0.0,
    "_RimPower": 0.0,
    "_RimDropOff": 0.0,
    "_FresnelColorR": 1.0,
    "_FresnelColorG": 1.0,
    "_FresnelColorB": 1.0,
    "_FresnelBrightness": 0.0,
    "_FresnelPower": 0.0,
    "_FresnelShadowDropoff": 0.0,
    "_GradYCap": 0.0,
    "_GradIntensity": 0.0
}