{
    "_ColorR": 1.0,
    "_ColorG": 0.8579400181770325,
    "_ColorB": 0.46698111295700076,
    "_RampLevels": 8.0,
    "_LightScalar": 1.1100000143051148,
    "_HighColorR": 1.0,
    "_HighColorG": 0.9569739699363709,
    "_HighColorB": 0.8254716992378235,
    "_HighIntensity": 1.5,
    "_LowColorR": 0.9245283007621765,
    "_LowColorG": 0.5116377472877502,
    "_LowColorB": 0.4230153262615204,
    "_LowIntensity": 1.0,
    "_OutlineColorR": 0.0,
    "_OutlineColorG": 0.0,
    "_OutlineColorB": 0.0,
    "_OutlineSize": 20.0,
    "_RimColorR": 1.0,
    "_RimColorG": 1.0,
    "_RimColorB": 1.0,
    "_RimAlpha": 0.0,
    "_RimPower": 0.3140000104904175,
    "_RimDropOff": 0.0,
    "_FresnelColorR": 1.0,
    "_FresnelColorG": 1.0,
    "_FresnelColorB": 1.0,
    "_FresnelBrightness": 0.0,
    "_FresnelPower": 0.0,
    "_FresnelShadowDropoff": 0.0,
    "_GradYCap": 0.0,
    "_GradIntensity": 0.0
}