{
    "_ColorR": 0.5283018946647644,
    "_ColorG": 0.5140458345413208,
    "_ColorB": 0.4311142861843109,
    "_RampLevels": 5.0,
    "_LightScalar": 1.159999966621399,
    "_HighColorR": 1.0,
    "_HighColorG": 1.0,
    "_HighColorB": 1.0,
    "_HighIntensity": 1.5,
    "_LowColorR": 0.20991434156894685,
    "_LowColorG": 0.16104483604431153,
    "_LowColorB": 0.4433962106704712,
    "_LowIntensity": 1.4800000190734864,
    "_OutlineColorR": 0.0,
    "_OutlineColorG": 0.0,
    "_OutlineColorB": 0.0,
    "_OutlineSize": 20.0,
    "_RimColorR": 1.0,
    "_RimColorG": 1.0,
    "_RimColorB": 1.0,
    "_RimAlpha": 0.0,
    "_RimPower": 0.0,
    "_RimDropOff": 0.0,
    "_FresnelColorR": 1.0,
    "_FresnelColorG": 1.0,
    "_FresnelColorB": 1.0,
    "_FresnelBrightness": 0.0,
    "_FresnelPower": 0.0,
    "_FresnelShadowDropoff": 0.0,
    "_GradYCap": 0.0,
    "_GradIntensity": 0.0
}