{
    "_ColorR": 0.3564435541629791,
    "_ColorG": 0.7378811836242676,
    "_ColorB": 0.849056601524353,
    "_RampLevels": 8.0,
    "_LightScalar": 1.159999966621399,
    "_HighColorR": 0.9610127806663513,
    "_HighColorG": 1.0,
    "_HighColorB": 0.8915094137191773,
    "_HighIntensity": 1.5,
    "_LowColorR": 0.22512967884540559,
    "_LowColorG": 0.2156016230583191,
    "_LowColorB": 0.801886796951294,
    "_LowIntensity": 1.0,
    "_OutlineColorR": 0.0,
    "_OutlineColorG": 0.0,
    "_OutlineColorB": 0.0,
    "_OutlineSize": 20.0,
    "_RimColorR": 1.0,
    "_RimColorG": 1.0,
    "_RimColorB": 1.0,
    "_RimAlpha": 0.0,
    "_RimPower": 0.3140000104904175,
    "_RimDropOff": 0.0,
    "_FresnelColorR": 0.8291416764259338,
    "_FresnelColorG": 0.8773584961891174,
    "_FresnelColorB": 0.5835261940956116,
    "_FresnelBrightness": 0.2549999952316284,
    "_FresnelPower": 0.0,
    "_FresnelShadowDropoff": 0.164000004529953,
    "_GradYCap": 0.0,
    "_GradIntensity": 0.0
}